{"Male": {"count": 1025, "age_mean": 11.548176534148292, "age_median": 12.18841514, "age_std": 4.436705896930332}, "Female": {"count": 1107, "age_mean": 13.016982621581754, "age_median": 14.12575152, "age_std": 4.05686939082313}}