{"Male": {"count": 1013, "age_mean": 11.541538207294176, "age_median": 12.19196537, "age_std": 4.430998361257283}, "Female": {"count": 1089, "age_mean": 13.018425373791551, "age_median": 14.12575152, "age_std": 4.054727624299754}}